{"cameraMode":{"drawMode":0,"name":"Shaded","section":"Shading Mode"},"sceneLighting":false,"audioPlay":false,"sceneViewState":{"showFog":true,"showMaterialUpdate":false,"showSkybox":false,"showFlares":true,"showImageEffects":true,"showParticleSystems":true},"in2DMode":false,"pivot":{"x":-0.06999999284744263,"y":0.003049492835998535,"z":9.694293022155762},"rotation":{"x":0.3946118950843811,"y":0.15458083152770997,"z":-0.0675346776843071,"w":0.9032303690910339},"size":3.163628578186035,"orthographic":true}