{"cameraMode":{"drawMode":0,"name":"Shaded","section":"Shading Mode"},"sceneLighting":false,"audioPlay":false,"sceneViewState":{"showFog":true,"showMaterialUpdate":false,"showSkybox":false,"showFlares":true,"showImageEffects":true,"showParticleSystems":true},"in2DMode":false,"pivot":{"x":0.8018402457237244,"y":2.1701884269714357,"z":1.7810542583465577},"rotation":{"x":-0.005204773508012295,"y":-0.9940260648727417,"z":0.09421615302562714,"w":-0.05493002012372017},"size":3.5406205654144289,"orthographic":true}