{"cameraMode":{"drawMode":0,"name":"Shaded","section":"Shading Mode"},"sceneLighting":false,"audioPlay":false,"sceneViewState":{"showFog":true,"showMaterialUpdate":false,"showSkybox":false,"showFlares":true,"showImageEffects":true,"showParticleSystems":true},"in2DMode":false,"pivot":{"x":-0.029999971389770509,"y":-0.0009999573230743409,"z":8.0},"rotation":{"x":0.3946118950843811,"y":0.15458083152770997,"z":-0.0675346776843071,"w":0.9032303690910339},"size":4.077079772949219,"orthographic":true}